id,ts,asset,dir,entry,size,edge,left,ref,outcome,pnl,pps,pair,follower,in_0.51_0.60,in_0.51_0.80
827,2026-09-01T09:35:02,ETH,UP,0.746,200.0,6.3,10m left,2447.73,WIN,50.8,0.254,True,False,False,True
828,2026-09-01T09:35:19,BTC,UP,0.711,200.0,4.4,10m left,77877.32,WIN,57.8,0.289,True,True,False,True
831,2026-09-01T14:35:36,ETH,DOWN,0.614,200.0,6.3,9m left,2443.66,WIN,77.2,0.386,False,False,False,True
833,2026-09-01T15:35:59,BTC,UP,0.755,200.0,8.0,9m left,78231.03,WIN,49.0,0.245,False,False,False,True
835,2026-09-01T18:21:25,BTC,UP,0.797,200.0,6.4,9m left,77501.2,LOSS,-159.4,-0.797,False,False,False,True
837,2026-09-01T19:35:37,BTC,DOWN,0.801,200.0,7.8,9m left,77027.11,WIN,39.8,0.19899999999999998,False,False,False,False
839,2026-09-01T20:03:59,BTC,UP,0.562,200.0,8.3,11m left,77136.38,WIN,87.6,0.43799999999999994,True,False,True,True
840,2026-09-01T20:05:30,ETH,UP,0.708,200.0,7.3,9m left,2412.38,WIN,58.4,0.292,True,True,False,True
843,2026-09-01T23:33:04,ETH,DOWN,0.588,200.0,8.3,12m left,2407.11,WIN,82.4,0.41200000000000003,False,False,True,True
844,2026-09-01T23:36:16,BTC,UP,0.759,200.0,8.4,9m left,77052.02,WIN,48.2,0.24100000000000002,False,False,False,True
847,2026-09-02T16:06:02,BTC,UP,0.668,200.0,6.7,9m left,77040.04,LOSS,-133.6,-0.6679999999999999,False,False,False,True
848,2026-09-02T16:07:33,ETH,DOWN,0.704,200.0,7.3,7m left,2394.02,WIN,59.2,0.29600000000000004,False,False,False,True
851,2026-09-02T17:38:10,ETH,DOWN,0.746,200.0,6.5,7m left,2397.41,WIN,50.8,0.254,False,False,False,True
853,2026-09-02T18:47:11,ETH,UP,0.753,200.0,6.8,13m left,2388.7,WIN,49.4,0.247,True,False,False,True
854,2026-09-02T18:47:15,BTC,UP,0.651,200.0,7.8,13m left,77281.1,WIN,69.8,0.349,True,True,False,True
857,2026-09-02T20:32:21,ETH,DOWN,0.758,200.0,4.1,13m left,2386.79,WIN,48.4,0.242,False,False,False,True
859,2026-09-03T01:15:44,BTC,DOWN,0.717,200.0,7.2,14m left,77160.37,WIN,56.6,0.28300000000000003,False,False,False,True
861,2026-09-03T03:19:05,BTC,UP,0.558,200.0,7.0,11m left,77464.29,WIN,88.4,0.442,True,False,True,True
862,2026-09-03T03:19:19,ETH,UP,0.504,200.0,8.4,11m left,2390.41,WIN,99.2,0.496,True,True,False,False
865,2026-09-03T04:23:16,ETH,DOWN,0.726,200.0,7.5,7m left,2407.15,WIN,54.8,0.27399999999999997,False,False,False,True
867,2026-09-03T12:05:59,BTC,UP,0.731,200.0,7.7,9m left,77715.55,WIN,53.8,0.26899999999999996,True,False,False,True
868,2026-09-03T12:06:03,ETH,UP,0.704,200.0,7.2,9m left,2395.83,WIN,59.2,0.29600000000000004,True,True,False,True
871,2026-09-03T12:36:09,BTC,DOWN,0.719,200.0,7.8,9m left,77893.95,LOSS,-143.8,-0.7190000000000001,False,False,False,True
873,2026-09-03T15:07:14,ETH,UP,0.782,200.0,6.8,8m left,2429.39,WIN,43.6,0.218,False,False,False,True
875,2026-09-03T15:46:01,ETH,UP,0.684,200.0,7.3,14m left,2456.54,WIN,63.2,0.316,True,False,False,True
876,2026-09-03T15:46:05,BTC,UP,0.772,200.0,8.0,14m left,79758.15,WIN,45.6,0.228,True,True,False,True
879,2026-09-03T16:21:17,BTC,UP,0.692,200.0,7.0,9m left,80552.95,WIN,61.6,0.308,False,False,False,True
881,2026-09-03T18:20:20,BTC,DOWN,0.737,200.0,8.6,10m left,81101.77,WIN,52.6,0.263,False,False,False,True
883,2026-09-03T20:54:32,ETH,DOWN,0.7,200.0,6.8,5m left,2516.15,LOSS,-140.0,-0.7,False,False,False,True
885,2026-09-04T03:47:11,BTC,DOWN,0.719,200.0,8.0,13m left,80750.11,LOSS,-143.8,-0.7190000000000001,False,False,False,True
887,2026-09-04T05:45:24,BTC,UP,0.515,200.0,5.8,15m left,81045.22,WIN,97.0,0.485,False,False,True,True
888,2026-09-04T05:45:39,ETH,DOWN,0.585,200.0,7.0,14m left,2512.29,WIN,83.0,0.415,False,False,True,True
891,2026-09-04T13:52:21,BTC,UP,0.381,200.0,5.6,8m left,79728.56,LOSS,-76.2,-0.381,False,False,False,False
893,2026-09-04T16:36:56,BTC,UP,0.694,200.0,8.5,8m left,79408.45,WIN,61.2,0.306,True,False,False,True
894,2026-09-04T16:38:15,ETH,UP,0.704,200.0,8.1,7m left,2454.77,WIN,59.2,0.29600000000000004,True,True,False,True
897,2026-09-08T07:08:32,BTC,UP,0.608,15.0,4.1,6m left,78567.79,WIN,5.88,0.392,False,False,False,True
899,2026-09-08T13:35:08,ETH,DOWN,0.766,15.0,4.0,10m left,2475.29,WIN,3.51,0.23399999999999999,False,False,False,True
901,2026-09-08T20:03:11,BTC,UP,0.706,15.0,7.2,12m left,78428.99,WIN,4.41,0.294,False,False,False,True
903,2026-09-08T20:38:26,ETH,UP,0.567,15.0,4.6,7m left,2485.94,LOSS,-8.505,-0.5670000000000001,False,False,True,True
905,2026-09-09T06:22:21,BTC,DOWN,0.68,15.0,6.0,8m left,79270.52,WIN,4.8,0.32,False,False,False,True
907,2026-09-09T07:08:44,ETH,UP,0.72,15.0,7.8,6m left,2496.06,WIN,4.2,0.28,False,False,False,True
909,2026-09-09T10:49:41,ETH,DOWN,0.748,15.0,8.2,10m left,2495.81,WIN,3.78,0.252,False,False,False,True
911,2026-09-09T12:02:16,ETH,DOWN,0.762,15.0,7.8,13m left,2487.16,WIN,3.57,0.238,False,False,False,True
913,2026-09-09T23:04:59,ETH,DOWN,0.739,15.0,9.0,10m left,2461.59,WIN,3.915,0.261,True,False,False,True
914,2026-09-09T23:04:59,BTC,DOWN,0.749,15.0,5.8,10m left,78129.83,WIN,3.765,0.251,True,True,False,True
917,2026-09-09T23:20:03,ETH,UP,0.67,15.0,8.3,10m left,2448.12,WIN,4.95,0.33,True,False,False,True
918,2026-09-09T23:20:03,BTC,UP,0.788,15.0,-0.6,10m left,77862.46,WIN,3.18,0.21200000000000002,True,True,False,True
921,2026-09-10T14:21:40,ETH,UP,0.87,15.0,-10.3,8m left,2410.28,WIN,1.95,0.13,True,False,False,False
922,2026-09-10T14:21:40,BTC,UP,0.707,15.0,-1.2,8m left,76822.52,WIN,4.395,0.293,True,True,False,True
925,2026-09-10T15:07:12,ETH,DOWN,0.714,15.0,1.4,8m left,2434.62,WIN,4.29,0.286,True,False,False,True
926,2026-09-10T15:07:26,BTC,DOWN,0.787,15.0,-3.8,8m left,77165.89,WIN,3.195,0.213,True,True,False,True
929,2026-09-10T15:20:24,ETH,UP,0.697,15.0,6.1,10m left,2432.0,WIN,4.545,0.303,True,False,False,True
930,2026-09-10T15:20:27,BTC,UP,0.409,15.0,6.7,10m left,77080.52,WIN,8.865,0.591,True,True,False,False
933,2026-09-10T15:36:02,BTC,UP,0.658,15.0,8.3,9m left,77266.7,LOSS,-9.87,-0.6579999999999999,True,False,False,True
934,2026-09-10T15:36:02,ETH,UP,0.758,15.0,6.4,9m left,2438.79,WIN,3.63,0.242,True,True,False,True
937,2026-09-10T17:38:37,BTC,DOWN,0.334,15.0,20.4,6m left,76911.08,LOSS,-5.01,-0.33399999999999996,False,False,False,False
938,2026-09-10T17:38:42,ETH,UP,0.602,15.0,-0.9,6m left,2438.41,WIN,5.97,0.39799999999999996,False,False,False,True
941,2026-09-10T19:21:03,BTC,UP,0.781,15.0,6.6,9m left,77000.25,WIN,3.285,0.219,True,False,False,True
942,2026-09-10T19:21:03,ETH,UP,0.644,15.0,14.0,9m left,2456.36,WIN,5.34,0.356,True,True,False,True
945,2026-09-11T00:05:53,ETH,DOWN,0.302,15.0,52.2,9m left,2444.57,WIN,10.47,0.6980000000000001,False,False,False,False
946,2026-09-11T00:05:54,BTC,UP,0.741,15.0,5.9,9m left,76815.6,LOSS,-11.115,-0.741,False,False,False,True
949,2026-09-11T02:37:08,ETH,UP,0.668,15.0,15.9,8m left,2450.24,WIN,4.98,0.332,True,False,False,True
950,2026-09-11T02:37:12,BTC,UP,0.649,15.0,5.6,8m left,76802.09,WIN,5.265,0.351,True,True,False,True
953,2026-09-11T04:37:20,ETH,UP,0.715,15.0,4.4,8m left,2442.69,WIN,4.275,0.28500000000000003,True,False,False,True
954,2026-09-11T04:37:20,BTC,UP,0.559,15.0,5.1,8m left,76802.41,WIN,6.615,0.441,True,True,True,True
957,2026-09-11T13:34:18,BTC,UP,0.619,15.0,3.1,11m left,77088.72,WIN,5.715,0.381,True,False,False,True
958,2026-09-11T13:34:18,ETH,UP,0.751,15.0,4.9,11m left,2464.45,WIN,3.735,0.249,True,True,False,True
961,2026-09-11T13:47:01,ETH,UP,0.681,15.0,-8.9,13m left,2494.08,WIN,4.785,0.319,True,False,False,True
962,2026-09-11T13:47:01,BTC,UP,0.705,15.0,7.2,13m left,77568.4,WIN,4.425,0.295,True,True,False,True
965,2026-09-11T15:02:46,BTC,UP,0.76,15.0,4.3,12m left,79219.09,LOSS,-11.4,-0.76,False,False,False,True
967,2026-09-11T16:06:59,BTC,UP,0.459,15.0,7.5,8m left,78786.33,LOSS,-6.885,-0.45899999999999996,True,False,False,False
968,2026-09-11T16:06:59,ETH,UP,0.627,15.0,-10.4,8m left,2607.28,LOSS,-9.405,-0.627,True,True,False,True
971,2026-09-11T16:36:53,ETH,UP,0.391,15.0,32.8,8m left,2611.37,LOSS,-5.865,-0.391,False,False,False,False
972,2026-09-11T16:36:54,BTC,DOWN,0.596,15.0,5.7,8m left,78706.59,WIN,6.06,0.40399999999999997,False,False,True,True
975,2026-09-11T17:05:39,BTC,UP,0.759,15.0,-0.3,9m left,77723.27,WIN,3.615,0.24100000000000002,True,False,False,True
976,2026-09-11T17:05:40,ETH,UP,0.833,15.0,-1.3,9m left,2559.25,WIN,2.505,0.16699999999999998,True,True,False,False
979,2026-09-11T17:34:46,ETH,UP,0.756,15.0,6.4,10m left,2564.38,WIN,3.66,0.24400000000000002,True,False,False,True
980,2026-09-11T17:34:50,BTC,UP,0.687,15.0,5.3,10m left,77668.67,WIN,4.695,0.313,True,True,False,True
983,2026-09-11T19:17:36,ETH,UP,0.757,15.0,7.7,12m left,2539.12,WIN,3.645,0.243,False,False,False,True
984,2026-09-11T19:17:41,BTC,DOWN,0.255,15.0,36.5,12m left,77076.97,LOSS,-3.825,-0.255,False,False,False,False
987,2026-09-11T19:48:16,ETH,DOWN,0.556,15.0,-4.3,12m left,2540.76,WIN,6.66,0.444,True,False,True,True
988,2026-09-11T19:48:17,BTC,DOWN,0.662,15.0,6.3,12m left,77100.02,WIN,5.07,0.338,True,True,False,True
991,2026-09-11T23:04:21,BTC,UP,0.612,15.0,5.0,11m left,77094.77,WIN,5.82,0.388,True,False,False,True
992,2026-09-11T23:04:21,ETH,UP,0.772,15.0,-6.6,11m left,2515.7,WIN,3.42,0.228,True,True,False,True
995,2026-09-11T23:39:15,BTC,UP,0.661,15.0,7.8,6m left,77134.13,LOSS,-9.915,-0.6609999999999999,True,False,False,True
996,2026-09-11T23:39:15,ETH,UP,0.597,15.0,3.3,6m left,2518.23,LOSS,-8.955,-0.597,True,True,True,True
999,2026-09-14T13:03:26,BTC,UP,0.722,15.0,3.1,12m left,77750.15,WIN,4.17,0.27799999999999997,True,False,False,True
1000,2026-09-14T13:03:26,ETH,UP,0.761,15.0,3.2,12m left,2508.21,WIN,3.585,0.239,True,True,False,True
1003,2026-09-14T14:16:50,BTC,UP,0.764,15.0,5.1,13m left,77694.61,WIN,3.54,0.23600000000000002,True,False,False,True
1004,2026-09-14T14:16:55,ETH,UP,0.765,15.0,5.2,13m left,2498.02,WIN,3.525,0.235,True,True,False,True
1007,2026-09-14T14:46:03,BTC,UP,0.667,15.0,3.6,14m left,78129.14,WIN,4.995,0.333,True,False,False,True
1008,2026-09-14T14:46:03,ETH,UP,0.586,15.0,4.4,14m left,2508.22,LOSS,-8.79,-0.586,True,True,True,True
1011,2026-09-14T16:06:02,BTC,UP,0.39,15.0,6.5,9m left,78512.26,LOSS,-5.85,-0.38999999999999996,True,False,False,False
1012,2026-09-14T16:06:02,ETH,UP,0.651,15.0,3.3,9m left,2501.5,WIN,5.235,0.34900000000000003,True,True,False,True
1015,2026-09-14T16:39:07,ETH,UP,0.785,15.0,5.9,6m left,2500.53,WIN,3.225,0.215,True,False,False,True
1016,2026-09-14T16:39:07,BTC,UP,0.66,15.0,14.2,6m left,78395.1,WIN,5.1,0.33999999999999997,True,True,False,True
1019,2026-09-14T16:47:10,ETH,DOWN,0.79,15.0,4.4,13m left,2510.12,WIN,3.15,0.21,True,False,False,True
1020,2026-09-14T16:47:14,BTC,DOWN,0.844,15.0,-1.1,13m left,78547.92,LOSS,-12.66,-0.844,True,True,False,False
1023,2026-09-14T19:32:34,ETH,UP,0.713,15.0,-0.6,12m left,2539.41,WIN,4.305,0.287,True,False,False,True
1024,2026-09-14T19:32:34,BTC,UP,0.686,15.0,6.2,12m left,79147.55,WIN,4.71,0.314,True,True,False,True
1027,2026-09-14T21:32:52,ETH,DOWN,0.741,15.0,7.2,12m left,2598.96,WIN,3.885,0.259,True,False,False,True
1028,2026-09-14T21:32:52,BTC,DOWN,0.737,15.0,5.7,12m left,79439.45,WIN,3.945,0.263,True,True,False,True
1031,2026-09-14T22:18:17,BTC,DOWN,0.642,15.0,11.2,12m left,78871.48,LOSS,-9.63,-0.642,True,False,False,True
1032,2026-09-14T22:18:17,ETH,DOWN,0.509,15.0,7.9,12m left,2551.11,LOSS,-7.635,-0.509,True,True,False,False
1035,2026-09-15T02:33:44,BTC,UP,0.822,15.0,3.1,11m left,77858.12,WIN,2.67,0.178,True,False,False,False
1036,2026-09-15T02:33:44,ETH,UP,0.758,15.0,3.4,11m left,2511.04,WIN,3.63,0.242,True,True,False,True
1039,2026-09-15T06:18:16,BTC,DOWN,0.753,15.0,-1.7,12m left,77398.31,LOSS,-11.295,-0.753,True,False,False,True
1040,2026-09-15T06:18:17,ETH,DOWN,0.783,15.0,8.2,12m left,2483.04,LOSS,-11.745,-0.7829999999999999,True,True,False,True
1043,2026-09-15T11:47:12,BTC,UP,0.633,15.0,8.0,13m left,77025.85,WIN,5.505,0.367,True,False,False,True
1044,2026-09-15T11:47:13,ETH,UP,0.7,15.0,13.0,13m left,2478.45,WIN,4.5,0.3,True,True,False,True
1047,2026-09-15T14:47:47,BTC,DOWN,0.708,15.0,0.3,12m left,76399.25,LOSS,-10.62,-0.708,True,False,False,True
1048,2026-09-15T14:47:47,ETH,DOWN,0.617,15.0,2.4,12m left,2449.96,LOSS,-9.255,-0.6170000000000001,True,True,False,True
1051,2026-09-15T16:04:48,ETH,UP,0.662,15.0,-4.1,10m left,2406.6,WIN,5.07,0.338,True,False,False,True
1052,2026-09-15T16:04:52,BTC,UP,0.77,15.0,6.0,10m left,75902.83,WIN,3.45,0.23,True,True,False,True
1055,2026-09-15T16:19:02,ETH,UP,0.683,15.0,-3.8,11m left,2412.13,WIN,4.755,0.317,True,False,False,True
1056,2026-09-15T16:19:07,BTC,UP,0.667,15.0,6.4,11m left,75990.18,WIN,4.995,0.333,True,True,False,True
1059,2026-09-15T19:54:22,ETH,UP,0.818,15.0,1.0,6m left,2386.46,WIN,2.73,0.182,True,False,False,False
1060,2026-09-15T19:54:22,BTC,UP,0.567,15.0,3.8,6m left,75752.8,WIN,6.495,0.433,True,True,True,True
1063,2026-09-15T20:04:22,ETH,UP,0.685,15.0,-4.6,11m left,2401.77,WIN,4.725,0.315,True,False,False,True
1064,2026-09-15T20:04:27,BTC,UP,0.708,15.0,7.1,11m left,75961.25,LOSS,-10.62,-0.708,True,True,False,True
1067,2026-09-15T20:35:58,ETH,DOWN,0.568,15.0,7.8,9m left,2403.2,LOSS,-8.52,-0.568,True,False,True,True
1068,2026-09-15T20:36:03,BTC,DOWN,0.527,15.0,8.8,9m left,75876.35,WIN,7.095,0.473,True,True,True,True
1071,2026-09-15T21:32:29,ETH,UP,0.728,15.0,5.6,13m left,2398.34,WIN,4.08,0.272,True,False,False,True
1072,2026-09-15T21:32:29,BTC,UP,0.685,15.0,9.8,13m left,75701.2,WIN,4.725,0.315,True,True,False,True
1075,2026-09-15T21:47:27,ETH,UP,0.721,15.0,4.6,13m left,2403.98,WIN,4.185,0.27899999999999997,True,False,False,True
1076,2026-09-15T21:47:27,BTC,UP,0.754,15.0,-8.5,13m left,75812.41,WIN,3.69,0.246,True,True,False,True
1079,2026-09-15T22:38:13,ETH,UP,0.836,15.0,-2.3,7m left,2396.65,WIN,2.46,0.164,True,False,False,False
1080,2026-09-15T22:38:13,BTC,UP,0.658,15.0,7.4,7m left,75635.42,WIN,5.13,0.34199999999999997,True,True,False,True
1083,2026-09-15T23:04:02,ETH,UP,0.7,15.0,5.4,11m left,2389.56,LOSS,-10.5,-0.7,True,False,False,True
1084,2026-09-15T23:04:03,BTC,UP,0.704,15.0,5.0,11m left,75408.33,LOSS,-10.56,-0.7040000000000001,True,True,False,True
1087,2026-09-15T23:33:14,BTC,UP,0.709,15.0,8.0,12m left,75448.15,WIN,4.365,0.29100000000000004,True,False,False,True
1088,2026-09-15T23:33:14,ETH,UP,0.725,15.0,1.8,12m left,2392.37,WIN,4.125,0.275,True,True,False,True
1091,2026-09-16T04:09:20,BTC,DOWN,0.768,15.0,4.0,6m left,75833.7,LOSS,-11.52,-0.768,True,False,False,True
1092,2026-09-16T04:09:24,ETH,DOWN,0.752,15.0,4.5,6m left,2401.39,LOSS,-11.28,-0.752,True,True,False,True
1095,2026-09-16T13:34:47,BTC,UP,0.816,15.0,0.5,10m left,75870.15,WIN,2.76,0.184,True,False,False,False
1096,2026-09-16T13:34:47,ETH,UP,0.734,15.0,3.8,10m left,2405.21,WIN,3.99,0.266,True,True,False,True
1099,2026-09-16T15:06:51,ETH,UP,0.488,15.0,4.4,8m left,2391.76,LOSS,-7.32,-0.48800000000000004,True,False,False,False
1100,2026-09-16T15:06:55,BTC,UP,0.505,15.0,8.9,8m left,75596.85,LOSS,-7.575,-0.505,True,True,False,False
1103,2026-09-16T19:04:55,ETH,UP,0.791,15.0,-4.7,10m left,2386.47,WIN,3.135,0.209,True,False,False,True
1104,2026-09-16T19:04:55,BTC,UP,0.699,15.0,6.6,10m left,75699.66,WIN,4.515,0.301,True,True,False,True
1107,2026-09-16T19:21:10,ETH,UP,0.735,15.0,7.8,9m left,2400.25,WIN,3.975,0.265,True,False,False,True
1108,2026-09-16T19:21:11,BTC,UP,0.814,15.0,2.0,9m left,75741.66,WIN,2.79,0.186,True,True,False,False
1111,2026-09-16T20:00:35,BTC,UP,0.749,15.0,-4.5,14m left,75570.57,WIN,3.765,0.251,True,False,False,True
1112,2026-09-16T20:00:40,ETH,UP,0.744,15.0,-11.3,14m left,2395.89,WIN,3.84,0.256,True,True,False,True
1115,2026-09-16T20:34:35,ETH,UP,0.799,15.0,-2.6,10m left,2386.48,WIN,3.015,0.201,True,False,False,True
1116,2026-09-16T20:34:35,BTC,UP,0.732,15.0,3.1,10m left,75481.42,WIN,4.02,0.26799999999999996,True,True,False,True
1119,2026-09-16T20:48:20,BTC,UP,0.75,15.0,7.0,12m left,75913.3,WIN,3.75,0.25,True,False,False,True
1120,2026-09-16T20:48:21,ETH,UP,0.616,15.0,5.8,12m left,2404.27,WIN,5.76,0.384,True,True,False,True
1123,2026-09-16T21:18:57,ETH,UP,0.594,15.0,2.4,11m left,2410.98,LOSS,-8.91,-0.594,True,False,True,True
1124,2026-09-16T21:18:57,BTC,UP,0.681,15.0,9.5,11m left,76157.02,LOSS,-10.215,-0.6809999999999999,True,True,False,True
1127,2026-09-17T00:16:52,BTC,UP,0.774,15.0,7.7,13m left,75789.75,WIN,3.39,0.226,True,False,False,True
1128,2026-09-17T00:16:53,ETH,UP,0.806,15.0,0.9,13m left,2396.94,WIN,2.91,0.194,True,True,False,False
1131,2026-09-17T00:51:10,BTC,UP,0.761,15.0,3.8,9m left,76158.35,LOSS,-11.415,-0.7609999999999999,True,False,False,True
1132,2026-09-17T00:51:10,ETH,UP,0.705,15.0,4.1,9m left,2417.66,LOSS,-10.575,-0.705,True,True,False,True
1135,2026-09-17T01:34:49,ETH,UP,0.895,15.0,-9.0,10m left,2420.37,WIN,1.575,0.105,True,False,False,False
1136,2026-09-17T01:34:49,BTC,UP,0.788,15.0,7.9,10m left,76353.12,WIN,3.18,0.21200000000000002,True,True,False,True
1139,2026-09-17T13:06:18,ETH,UP,0.666,15.0,6.7,9m left,2440.46,WIN,5.01,0.33399999999999996,True,False,False,True
1140,2026-09-17T13:06:18,BTC,UP,0.636,15.0,1.5,9m left,76411.03,WIN,5.46,0.364,True,True,False,True
1143,2026-09-17T13:20:55,ETH,UP,0.786,15.0,5.4,9m left,2453.42,WIN,3.21,0.214,True,False,False,True
1144,2026-09-17T13:20:56,BTC,UP,0.746,15.0,-2.4,9m left,76753.15,WIN,3.81,0.254,True,True,False,True
1147,2026-09-17T14:47:26,ETH,UP,0.789,15.0,-2.8,13m left,2437.6,WIN,3.165,0.211,False,False,False,True
1149,2026-09-17T15:49:04,ETH,UP,0.627,15.0,8.1,11m left,2462.73,LOSS,-9.405,-0.627,True,False,False,True
1150,2026-09-17T15:49:04,BTC,UP,0.698,15.0,8.0,11m left,76559.97,LOSS,-10.47,-0.6980000000000001,True,True,False,True
1153,2026-09-17T16:18:33,BTC,UP,0.782,15.0,7.7,11m left,76285.48,WIN,3.27,0.218,True,False,False,True
1154,2026-09-17T16:18:34,ETH,UP,0.793,15.0,3.5,11m left,2449.46,WIN,3.105,0.207,True,True,False,True
1157,2026-09-17T16:32:44,BTC,UP,0.74,15.0,1.8,12m left,76397.64,WIN,3.9,0.26,True,False,False,True
1158,2026-09-17T16:32:45,ETH,UP,0.78,15.0,6.9,12m left,2453.38,WIN,3.3,0.22,True,True,False,True
1161,2026-09-17T16:53:35,ETH,UP,0.703,15.0,-6.0,6m left,2470.0,LOSS,-10.545,-0.703,True,False,False,True
1162,2026-09-17T16:53:35,BTC,UP,0.696,15.0,8.2,6m left,76698.9,WIN,4.56,0.304,True,True,False,True
1165,2026-09-17T17:23:13,ETH,UP,0.614,15.0,7.0,7m left,2468.3,LOSS,-9.21,-0.6140000000000001,True,False,False,True
1166,2026-09-17T17:23:13,BTC,UP,0.715,15.0,12.7,7m left,76677.2,LOSS,-10.725,-0.715,True,True,False,True
1169,2026-09-17T17:54:06,BTC,UP,0.625,15.0,2.1,6m left,76643.16,WIN,5.625,0.375,True,False,False,True
1170,2026-09-17T17:54:06,ETH,UP,0.711,15.0,5.5,6m left,2463.11,WIN,4.335,0.289,True,True,False,True
1173,2026-09-17T18:02:45,BTC,UP,0.789,15.0,7.6,12m left,76701.14,WIN,3.165,0.211,True,False,False,True
1174,2026-09-17T18:02:45,ETH,UP,0.736,15.0,6.5,12m left,2468.37,LOSS,-11.04,-0.736,True,True,False,True
1177,2026-09-17T18:35:19,ETH,UP,0.593,15.0,5.0,10m left,2471.14,LOSS,-8.895,-0.593,True,False,True,True
1178,2026-09-17T18:35:19,BTC,UP,0.702,15.0,8.2,10m left,76869.5,LOSS,-10.53,-0.702,True,True,False,True
1181,2026-09-17T20:21:59,ETH,UP,0.782,15.0,5.0,8m left,2450.08,WIN,3.27,0.218,True,False,False,True
1182,2026-09-17T20:21:59,BTC,UP,0.778,15.0,7.8,8m left,76506.48,WIN,3.33,0.222,True,True,False,True
1185,2026-09-17T21:06:39,BTC,UP,0.77,15.0,7.9,8m left,76549.2,WIN,3.45,0.23,True,False,False,True
1186,2026-09-17T21:06:39,ETH,UP,0.853,15.0,-3.1,8m left,2448.13,WIN,2.205,0.147,True,True,False,False
1189,2026-09-18T17:04:57,BTC,UP,0.716,15.0,5.3,10m left,80692.17,WIN,4.26,0.284,True,False,False,True
1190,2026-09-18T17:04:58,ETH,UP,0.644,15.0,-1.0,10m left,2582.88,WIN,5.34,0.356,True,True,False,True
1193,2026-09-18T17:17:05,BTC,UP,0.557,15.0,7.8,13m left,80946.38,WIN,6.645,0.44299999999999995,True,False,True,True
1194,2026-09-18T17:17:06,ETH,UP,0.397,15.0,27.6,13m left,2595.91,WIN,9.045,0.603,True,True,False,False
1197,2026-09-19T15:32:29,BTC,UP,0.709,15.0,6.8,13m left,81554.75,LOSS,-10.635,-0.709,False,False,False,True
1199,2026-09-19T17:06:38,ETH,UP,0.534,15.0,6.7,8m left,2640.75,WIN,6.99,0.466,False,False,True,True
1201,2026-09-19T18:22:21,ETH,UP,0.784,15.0,6.3,8m left,2649.85,LOSS,-11.76,-0.784,False,False,False,True
1203,2026-09-19T22:18:48,ETH,DOWN,0.576,15.0,5.6,11m left,2624.87,LOSS,-8.64,-0.5760000000000001,False,False,True,True
1205,2026-09-20T00:19:41,ETH,DOWN,0.755,15.0,6.3,10m left,2635.35,WIN,3.675,0.245,False,False,False,True
1207,2026-09-20T03:49:50,BTC,DOWN,0.533,15.0,7.4,10m left,80551.41,WIN,7.005,0.46699999999999997,False,False,True,True
1209,2026-09-20T04:02:17,BTC,DOWN,0.629,15.0,8.1,13m left,80314.19,WIN,5.565,0.37100000000000005,False,False,False,True
1211,2026-09-20T12:03:23,ETH,DOWN,0.726,15.0,5.3,12m left,2570.97,LOSS,-10.89,-0.7260000000000001,False,False,False,True
1213,2026-09-21T01:17:36,BTC,DOWN,0.731,15.0,4.6,12m left,81675.22,LOSS,-10.965,-0.731,False,False,False,True
1214,2026-09-21T01:19:47,ETH,UP,0.752,15.0,5.0,10m left,2677.41,WIN,3.72,0.24800000000000003,False,False,False,True
1217,2026-09-21T03:03:01,ETH,UP,0.764,15.0,4.3,12m left,2649.94,WIN,3.54,0.23600000000000002,False,False,False,True
1219,2026-09-21T09:47:08,ETH,UP,0.646,15.0,6.9,13m left,2700.01,LOSS,-9.69,-0.646,True,False,False,True
1220,2026-09-21T09:50:09,BTC,UP,0.671,15.0,7.3,10m left,83525.78,WIN,4.935,0.32899999999999996,True,True,False,True
1223,2026-09-21T10:04:52,ETH,DOWN,0.552,15.0,6.4,10m left,2696.2,LOSS,-8.28,-0.5519999999999999,False,False,True,True
1224,2026-09-21T10:05:53,BTC,UP,0.78,15.0,4.8,9m left,83748.3,WIN,3.3,0.22,False,False,False,True
